"Month","mean","median","max","min"
1,84.0363010752688,75.9,326,13.8
2,75.0873937677054,66.45,273,10
3,61.3070537634409,55.5,211,13.9
4,51.4871644444444,49.15,135,9.12
5,36.6146365591398,34.8,134,7.27
6,19.9281111111111,15.5,83.5,4.63
7,11.189376344086,8.35,60.9,2.72
8,7.3486223655914,7.08,87.2,0.807
9,8.82051688888889,7.16,87.9,0.425
10,24.5486408602151,15.6,219,2.15
11,66.89536,58.4,249,4.11
12,91.0898924731183,85.5,286,16.4
13,44.7228474427774,33.9,326,0.425
