"Month","mean","median","max","min"
1,25.2220870579091,23.8,78.7,8.5
2,23.6316766211604,21.2,103,8.5
3,28.0954527788574,24.8,119,13.2
4,67.8198795180723,56.7,384,15.3
5,217.33179168286,199,606,35.1
6,313.786345381526,304,694,107
7,179.308900116595,160,602,46.7
8,70.036455499417,62.8,230,27.9
9,44.1738152610442,38.5,151,22.2
10,40.9384764865915,37,133,17.2
11,39.8424899598394,36.8,241,13
12,31.1869801787796,28.3,113,13.7
13,90.3288101599868,42.5,694,8.5
